{"What": [0.07924723756906077, 0.43370165745856354, 0.3306111878452975, 0.6814456686015934], "How": [0.470432480141218, 0.1412180052956752, 0.30679611650485517, 0.6495366445880238], "Who": [0.017276422764227643, 0.8841463414634146, 0.2780487804878041, 0.7148675045548637], "When": [0.8185538881309686, 0.24829467939972716, 0.22210095497953436, 0.6707219595893008], "In": [0.5185909980430529, 0.2720156555772994, 0.20039138943248455, 0.6920998920582142], "Where": [0.023310023310023312, 0.7552447552447552, 0.3277389277389269, 0.664852856286422], "Which": [0.0744047619047619, 0.7440476190476191, 0.2622023809523804, 0.7373747990945847], "The": [0.10689655172413794, 0.41724137931034483, 0.24793103448275902, 0.7441260929532243], "Why": [0.021505376344086023, 0.3387096774193548, 0.6586021505376343, 0.6792010632736438], "Along": [0.0, 0.18604651162790697, 0.1627906976744186, 0.6025860722185151], "During": [0.40476190476190477, 0.5476190476190477, 0.3023809523809523, 0.6598577678934823], "If": [0.14285714285714285, 0.3333333333333333, 0.36428571428571405, 0.7349760098834175], "By": [0.475, 0.275, 0.26499999999999996, 0.6555508625361567], "A": [0.05, 0.275, 0.2899999999999999, 0.7472820235320238], "Whose": [0.0, 0.8235294117647058, 0.2617647058823529, 0.7212659072953191], "On": [0.3125, 0.65625, 0.23125, 0.7062915383227885], "After": [0.16129032258064516, 0.5161290322580645, 0.3322580645161289, 0.6174007445554432], "To": [0.27586206896551724, 0.3793103448275862, 0.2827586206896552, 0.6794737378915877], "According": [0.41379310344827586, 0.13793103448275862, 0.3620689655172413, 0.7024906840521093], "Besides": [0.06896551724137931, 0.41379310344827586, 0.21724137931034482, 0.5620620702263702], "Other": [0.10714285714285714, 0.5, 0.21785714285714283, 0.6397658425411633], "At": [0.42857142857142855, 0.2857142857142857, 0.2464285714285714, 0.688706927992642], "Of": [0.56, 0.08, 0.21599999999999991, 0.724835439070733], "For": [0.23809523809523808, 0.2857142857142857, 0.32380952380952377, 0.6651751687465974], "There": [0.10526315789473684, 0.21052631578947367, 0.38421052631578945, 0.6955386795414497], "Under": [0.0, 0.47058823529411764, 0.46470588235294114, 0.6885952379031963], "what": [0.2, 0.3333333333333333, 0.24000000000000005, 0.6164814814814815], "From": [0.14285714285714285, 0.42857142857142855, 0.32857142857142857, 0.6609148204736439], "As": [0.7857142857142857, 0.07142857142857142, 0.3642857142857143, 0.7216366966366967], "Was": [0.0, 1.0, 0.7999999999999999, 0.6778052013346131], "Is": [0.0, 0.18181818181818182, 0.30909090909090914, 0.7297424797424799], "Some": [0.09090909090909091, 0.18181818181818182, 0.27272727272727276, 0.7393586211768031], "Did": [0.0, 0.9, 0.78, 0.7039754689754689], "Imperialism": [0.0, 0.2, 0.25999999999999995, 0.5625396825396826], "Who's": [0.0, 0.6666666666666666, 0.28888888888888886, 0.7028490028490029], "Can": [0.0, 0.4444444444444444, 0.8, 0.6791547958214625], "Since": [0.4444444444444444, 0.2222222222222222, 0.2555555555555556, 0.7965167548500882], "About": [0.7777777777777778, 0.0, 0.1111111111111111, 0.6132716049382716], "Name": [0.0, 0.6666666666666666, 0.3111111111111111, 0.7164081289081288], "An": [0.125, 0.125, 0.23750000000000002, 0.7006544925662572], "Are": [0.0, 0.5, 0.525, 0.7460470085470086], "One": [0.0, 0.125, 0.275, 0.5939165001665002], "Compared": [0.0, 0.0, 0.09999999999999999, 0.6264172335600907], "Most": [0.0, 0.2857142857142857, 0.2, 0.7706642563785422], "NSF": [0.2857142857142857, 0.7142857142857143, 0.8285714285714286, 0.7952380952380952], "What's": [0.0, 0.5714285714285714, 0.18571428571428572, 0.5743661100803958], "Southern": [0.16666666666666666, 0.3333333333333333, 0.09999999999999999, 0.6922474455369193], "WHat": [0.16666666666666666, 0.6666666666666666, 0.7166666666666667, 0.6763888888888889], "Does": [0.16666666666666666, 0.16666666666666666, 0.39999999999999997, 0.8295454545454546], "What,": [0.0, 0.3333333333333333, 0.15, 0.5963924963924964], "Over": [0.3333333333333333, 0.3333333333333333, 0.13333333333333333, 0.7946047008547009], "It": [0.0, 0.2, 0.34, 0.7584967320261439], "Though": [0.0, 0.2, 0.4, 0.5744385026737968], "Aside": [0.4, 0.0, 0.16, 0.6129824561403509], "Between": [0.2, 0.8, 0.34, 0.7511904761904761], "Packet": [0.0, 0.0, 0.42000000000000004, 0.644047619047619], "X.25": [0.4, 0.6, 0.36, 0.7457142857142858], "Newton's": [0.0, 0.0, 0.30000000000000004, 0.8367965367965369], "Assuming": [0.0, 0.25, 0.47500000000000003, 0.6487310643320874], "Within": [0.5, 0.5, 0.15000000000000002, 0.6916666666666667], "Although": [0.0, 0.75, 0.175, 0.6854575163398693], "Outside": [0.0, 0.25, 0.125, 0.5602813852813853], "Sky": [0.0, 0.75, 0.175, 0.5873737373737373], "With": [0.0, 0.75, 0.425, 0.6553030303030303], "Before": [0.0, 0.75, 0.35, 0.6448863636363636], "Water": [0.0, 0.75, 0.15000000000000002, 0.6998626373626373], "While": [0.0, 0.0, 0.25, 0.6123188405797101], "Until": [0.0, 0.0, 0.24999999999999997, 0.7622377622377623], "State": [0.0, 0.75, 0.275, 0.7292429792429792], "This": [0.0, 0.75, 0.22499999999999998, 0.7876984126984127], "Civil": [0.0, 0.0, 0.15000000000000002, 0.5285714285714286], "Le": [0.0, 0.0, 0.32500000000000007, 0.5355975723622783], "Any": [0.5, 0.0, 0.22499999999999998, 0.7645299145299145], "Policies": [0.0, 0.0, 0.15000000000000002, 0.7403846153846154], "Western": [0.0, 0.0, 0.275, 0.6055555555555556], "Conservative": [0.0, 0.0, 0.225, 0.6875], "Maududi": [0.0, 0.5, 0.2, 0.6493589743589743], "colonial": [0.0, 0.5, 0.15, 0.6675653594771241], "Colonialism": [0.0, 0.0, 0.3, 0.5748626373626373], "Friedrich": [0.0, 0.5, 0.25, 0.7087121212121212], "Complexity": [0.0, 0.0, 0.26666666666666666, 0.5502645502645503], "French": [0.3333333333333333, 0.6666666666666666, 0.26666666666666666, 0.6916666666666668], "These": [0.0, 0.3333333333333333, 0.5333333333333333, 0.7110318875024758], "High": [0.0, 0.0, 0.13333333333333333, 0.6301587301587301], "IN": [0.3333333333333333, 0.0, 0.43333333333333335, 0.5859788359788359], "People": [0.0, 0.6666666666666666, 0.10000000000000002, 0.5490196078431372], "Because": [0.0, 0.0, 0.20000000000000004, 0.6825396825396827], "Upon": [0.6666666666666666, 0.6666666666666666, 0.7000000000000001, 0.6011904761904763], "European": [0.0, 0.3333333333333333, 0.16666666666666666, 0.6434676434676435], "Iran": [0.0, 0.6666666666666666, 0.16666666666666666, 0.7037037037037037], "All": [0.0, 0.0, 0.13333333333333333, 0.8977272727272728], "Many": [0.3333333333333333, 0.3333333333333333, 0.4000000000000001, 0.7757246376811594], "Terra": [0.0, 0.3333333333333333, 0.2333333333333333, 0.7333333333333334], "DECnet": [0.3333333333333333, 1.0, 0.4666666666666666, 0.7023809523809524], "Public": [0.0, 0.6666666666666666, 0.5, 0.6321428571428571], "Brownlee": [0.0, 0.0, 0.3333333333333333, 0.5888888888888889], "Stephen": [0.3333333333333333, 0.6666666666666666, 0.3666666666666667, 0.5140056022408963], "Construction": [0.0, 0.0, 0.2333333333333333, 0.8634920634920635], "Building": [0.3333333333333333, 0.3333333333333333, 0.3, 0.8759259259259259], "Up": [0.3333333333333333, 0.6666666666666666, 0.10000000000000002, 0.6923076923076922], "Gamma": [0.0, 0.6666666666666666, 0.5333333333333333, 0.7978354978354978], "the": [0.3333333333333333, 0.3333333333333333, 0.16666666666666666, 0.7555555555555555], "Parliament": [0.0, 0.6666666666666666, 0.20000000000000004, 0.7473544973544973], "Germany": [0.6666666666666666, 0.3333333333333333, 0.26666666666666666, 0.4318181818181818], "Newton": [0.0, 0.0, 0.10000000000000002, 0.8119658119658119], "when": [1.0, 0.5, 0.2, 0.6654411764705883], "Decision": [0.0, 1.0, 0.25, 0.5357142857142857], "Case": [0.0, 0.0, 0.15000000000000002, 0.45], "Despite": [0.5, 0.0, 0.30000000000000004, 0.5428571428571429], "Downtown": [0.0, 0.5, 0.2, 0.7666666666666666], "University": [0.0, 0.5, 0.25, 0.8776223776223776], "Against": [0.0, 0.5, 0.4, 0.6111111111111112], "Above": [0.0, 0.0, 0.2, 0.7083333333333333], "Compounding": [0.0, 0.0, 0.2, 0.75],